brand_name,product_family,wording_pattern
Polycab,PVC cables,"Make: Polycab / Finolex / RR Kabel or equivalent approved make"
Finolex,PVC cables,"Make: Polycab / Finolex / RR Kabel or equivalent approved make"
RR Kabel,PVC cables,"Make: Polycab / Finolex / RR Kabel or equivalent approved make"
Tata Tiscon,Steel bars (TMT),"Make: Tata Tiscon / JSW / SAIL or equivalent"
JSW,Steel bars (TMT),"Make: Tata Tiscon / JSW / SAIL or equivalent"
SAIL,Steel bars (TMT),"Make: Tata Tiscon / JSW / SAIL or equivalent"
Ultratech,Cement,"Make: Ultratech / ACC / Ambuja or equivalent"
ACC,Cement,"Make: Ultratech / ACC / Ambuja or equivalent"
Ambuja,Cement,"Make: Ultratech / ACC / Ambuja or equivalent"
Havells,LED street lights,"Make: Havells / Philips / Crompton or equivalent"
Philips,LED street lights,"Make: Havells / Philips / Crompton or equivalent"
Crompton,LED street lights,"Make: Havells / Philips / Crompton or equivalent"
Safepro,Safety helmets/footwear,"Make: Safepro / Liberty / Bata Industrial or equivalent"
Liberty,Safety helmets/footwear,"Make: Safepro / Liberty / Bata Industrial or equivalent"
Apollo,uPVC water pipes,"Make: Apollo / Astral / Finolex or equivalent"
Astral,uPVC water pipes,"Make: Apollo / Astral / Finolex or equivalent"
Godrej Interio,Office furniture,"Make: Godrej Interio / Featherlite / Nilkamal or equivalent"
Featherlite,Office furniture,"Make: Godrej Interio / Featherlite / Nilkamal or equivalent"
Bisleri,Packaged drinking water,"Brand: Bisleri / Kinley / Aquafina or equivalent approved brand"
Kinley,Packaged drinking water,"Brand: Bisleri / Kinley / Aquafina or equivalent approved brand"
