is_number,part,title,year,status,superseded_by,family,scope_summary,source_url,retrieved_on,verification
IS 269,,"Ordinary portland cement - Specification",2015,in_force,,Cement,"Specifies chemical, physical, and performance requirements for 33, 43, and 53 grade OPC.",https://bis.gov.in/is-269-2015/,2026-09-28,official
IS 694,,"Polyvinyl chloride insulated cables/cords for rated voltages up to and including 1100 V (Fourth Revision)",2010,in_force,,PVC cables,"Specifies general requirements for single and multicore PVC insulated cables for domestic wiring.",https://www.bis.gov.in/know-your-standard/,2026-09-29,official
IS 1554,Part 1,"PVC insulated cables for working voltages up to 1100 V",1988,in_force,,PVC cables,"Specifies requirements for PVC insulated, heavy-duty cables for power and lighting circuits.",https://bis.gov.in,2026-09-28,secondary
IS 1786,,"High strength deformed steel bars for concrete",2008,in_force,,Steel bars (TMT),"Defines manufacturing, chemical composition, tensile strength, and ductility for TMT bars.",https://law.resource.org/pub/in/bis/S03/is.1786.2008.pdf,2026-09-28,secondary
IS 10322,Part 1,"Luminaires Part 1: General Requirements and Tests",2026,in_force,IS 10322:2014,LED street lights,"Main general safety and testing standard for all luminaires.",https://www.crsbis.in/BIS/publicdashAction.do,2026-09-28,official
IS 10322,Part 5/Sec 6,"Luminaires Part 5: Road and Street Lighting",2026,to_verify,IS 10322:2012,LED street lights,"Claimed as road/street lighting section; NOT yet confirmed against full BIS portal listing of Part 5 sections.",https://www.crsbis.in/BIS/publicdashAction.do,2026-09-28,unverified
IS 2925,,"Industrial safety helmets - Specification",1984,in_force,,Safety helmets,"Specifies requirements for materials, construction, shock absorption, and penetration resistance.",https://bis.gov.in,2026-09-28,secondary
IS 15298,Part 2,"Personal Protective Equipment Part 2 Safety Footwear (ISO 20345:2021, MOD) (Third Revision)",2024,in_force,IS 15298:2016,Safety footwear,"Specifies safety and performance requirements for industrial protective footwear.",https://www.bis.gov.in/know-your-standard/,2026-09-29,official
IS 4985,,"Unplasticized PVC Pipes for Potable Water Supplies - Specification (Fourth Revision)",2021,in_force,IS 4985:2000,uPVC water pipes,"Specifies dimensions, physical, and chemical requirements for uPVC pipes used in drinking water.",https://www.bis.gov.in/know-your-standard/,2026-09-29,official
IS 17631,,"Work chairs - Specification",2022,in_force,,Office furniture,"Specifies durability, ergonomics, safety, and fire resistance requirements for office/work chairs.",https://www.diligencecertification.com/bis-certification-for-work-chair/,2026-09-28,secondary
IS 14543,,"Packaged drinking water - Specification",2016,in_force,,Packaged drinking water,"Specifies quality, packaging, and labeling requirements (BIS ISI mark omitted by FSSAI; FSSAI testing scheme applies instead).",https://bis.gov.in,2026-09-28,secondary
IS 733,,"Wrought aluminium and aluminium alloy extruded solid sections",2008,in_force,,Aluminium sections,"Specifies dimensional tolerances and mechanical properties for aluminium extrusions.",https://bis.gov.in,2026-09-28,secondary
IS 8112,,"Ordinary Portland Cement, 43 Grade",2013,withdrawn,IS 269:2015,Cement,"Withdrawn; merged into IS 269:2015.",https://www.bis.gov.in/know-your-standard/,2026-09-29,official
IS 12269,,"Ordinary Portland cement, 53 grade",2013,withdrawn,IS 269:2015,Cement,"Withdrawn; merged into IS 269:2015.",https://www.bis.gov.in/know-your-standard/,2026-09-29,official
